folder,name,width,height,bytes,rel
dark-forest,armor-il-v1.png,341,512,342587,dark-forest/armor-il-v1.png
dark-forest,black-berries-v1.png,341,512,362433,dark-forest/black-berries-v1.png
dark-forest,blueprint-armor-il-v1.png,336,512,345638,dark-forest/blueprint-armor-il-v1.png
dark-forest,blueprint-axe-sun-v1.png,336,512,339491,dark-forest/blueprint-axe-sun-v1.png
dark-forest,blueprint-carapace-v1.png,336,512,335136,dark-forest/blueprint-carapace-v1.png
dark-forest,blueprint-helm-shem-v1.png,336,512,335893,dark-forest/blueprint-helm-shem-v1.png
dark-forest,blueprint-helm-ttm-v1.png,336,512,330226,dark-forest/blueprint-helm-ttm-v1.png
dark-forest,blueprint-light-chainmail-v1.png,336,512,344623,dark-forest/blueprint-light-chainmail-v1.png
dark-forest,blueprint-light-chainmail-v1_draft.png,336,512,344623,dark-forest/blueprint-light-chainmail-v1_draft.png
dark-forest,blueprint-moon-shield-v1.png,336,512,336567,dark-forest/blueprint-moon-shield-v1.png
dark-forest,blueprint-rough-chainmail-v1.png,336,512,340548,dark-forest/blueprint-rough-chainmail-v1.png
dark-forest,blueprint-rough-chainmail-v1_draft.png,336,512,340548,dark-forest/blueprint-rough-chainmail-v1_draft.png
dark-forest,blueprint-shield-dr-v1.png,336,512,340669,dark-forest/blueprint-shield-dr-v1.png
dark-forest,blueprint-shield-dr-v1_draft.png,336,512,340669,dark-forest/blueprint-shield-dr-v1_draft.png
dark-forest,blueprint-shield-kalan-v1.png,336,512,337971,dark-forest/blueprint-shield-kalan-v1.png
dark-forest,blueprint-shield-lom-v1.png,336,512,343793,dark-forest/blueprint-shield-lom-v1.png
dark-forest,blueprint-shield-lom-v1_draft.png,336,512,343793,dark-forest/blueprint-shield-lom-v1_draft.png
dark-forest,blueprint-shield-revenge-v1.png,336,512,324211,dark-forest/blueprint-shield-revenge-v1.png
dark-forest,blueprint-spirit-shield-v1.png,336,512,336800,dark-forest/blueprint-spirit-shield-v1.png
dark-forest,blueprint-spirit-shield-v1_draft.png,336,512,336800,dark-forest/blueprint-spirit-shield-v1_draft.png
dark-forest,blueprint-sword-lorp-v1.png,336,512,332527,dark-forest/blueprint-sword-lorp-v1.png
dark-forest,blueprint-sword-sech-v1.png,336,512,334013,dark-forest/blueprint-sword-sech-v1.png
dark-forest,blueprint-taming-collar-v1.png,336,512,325833,dark-forest/blueprint-taming-collar-v1.png
dark-forest,blueprint-topormol-v1.png,336,512,327621,dark-forest/blueprint-topormol-v1.png
dark-forest,blueprint-topormol-v1_draft.png,336,512,327621,dark-forest/blueprint-topormol-v1_draft.png
dark-forest,blueprint-twin-axes-v1.png,336,512,340295,dark-forest/blueprint-twin-axes-v1.png
dark-forest,blueprint-wooden-hammer-v1.png,336,512,323955,dark-forest/blueprint-wooden-hammer-v1.png
dark-forest,carapace-v1.png,336,512,328014,dark-forest/carapace-v1.png
dark-forest,dead-ore-v1.png,341,512,366784,dark-forest/dead-ore-v1.png
dark-forest,helm-shem-v1.png,341,512,341611,dark-forest/helm-shem-v1.png
dark-forest,helm-ttm-v1.png,341,512,345888,dark-forest/helm-ttm-v1.png
dark-forest,large-gold-nugget-v1.png,336,512,316920,dark-forest/large-gold-nugget-v1.png
dark-forest,leather-shirt-v1.png,341,512,351831,dark-forest/leather-shirt-v1.png
dark-forest,light-chainmail-v1.png,341,512,358538,dark-forest/light-chainmail-v1.png
dark-forest,medium-gold-nugget-v1.png,336,512,297810,dark-forest/medium-gold-nugget-v1.png
dark-forest,moon-shield-v1.png,336,512,342394,dark-forest/moon-shield-v1.png
dark-forest,red-berries-v1.png,341,512,360029,dark-forest/red-berries-v1.png
dark-forest,return-ring-v1.png,341,512,349935,dark-forest/return-ring-v1.png
dark-forest,rough-chainmail-v1.png,336,512,337352,dark-forest/rough-chainmail-v1.png
dark-forest,rough-chainmail-v1_draft.png,336,512,340931,dark-forest/rough-chainmail-v1_draft.png
dark-forest,shield-dr-v1.png,341,512,340584,dark-forest/shield-dr-v1.png
dark-forest,shield-kalan-v1.png,341,512,349258,dark-forest/shield-kalan-v1.png
dark-forest,shield-lom-v1.png,341,512,345564,dark-forest/shield-lom-v1.png
dark-forest,shield-revenge-v1.png,341,512,359901,dark-forest/shield-revenge-v1.png
dark-forest,spirit-shield-v1.png,336,512,333504,dark-forest/spirit-shield-v1.png
dark-forest,spirit-shield-v1_draft.png,336,512,333504,dark-forest/spirit-shield-v1_draft.png
dark-forest,sword-lorp-v1.png,341,512,337395,dark-forest/sword-lorp-v1.png
dark-forest,sword-sech-v1.png,341,512,350071,dark-forest/sword-sech-v1.png
dark-forest,taming-collar-v1.png,336,512,321249,dark-forest/taming-collar-v1.png
dark-forest,topormol-v1.png,341,512,353444,dark-forest/topormol-v1.png
dark-forest,twin-axes-v1.png,336,512,329387,dark-forest/twin-axes-v1.png
dark-forest,wooden-hammer-v1.png,336,512,337275,dark-forest/wooden-hammer-v1.png
recipes,armor-zhest-v1.png,341,512,346369,recipes/armor-zhest-v1.png
recipes,bubun-mask-v1.png,336,512,331783,recipes/bubun-mask-v1.png
recipes,common-staff-v1.png,336,512,282892,recipes/common-staff-v1.png
recipes,dip-bottle-v1.png,336,512,319092,recipes/dip-bottle-v1.png
recipes,evil-mask-v1.png,336,512,299176,recipes/evil-mask-v1.png
recipes,helmet-mask-v1.png,336,512,336124,recipes/helmet-mask-v1.png
recipes,marvo-v1.png,341,512,342376,recipes/marvo-v1.png
recipes,master-curse-v1.png,336,512,318880,recipes/master-curse-v1.png
recipes,okhu-mask-v1.png,336,512,312941,recipes/okhu-mask-v1.png
recipes,porcha-v1.png,341,512,348740,recipes/porcha-v1.png
recipes,recipe-armor-v1.png,341,512,368319,recipes/recipe-armor-v1.png
recipes,recipe-bubun-mask-v1.png,336,512,330441,recipes/recipe-bubun-mask-v1.png
recipes,recipe-common-staff-v1.png,336,512,306137,recipes/recipe-common-staff-v1.png
recipes,recipe-dip-bottle-v1.png,336,512,323144,recipes/recipe-dip-bottle-v1.png
recipes,recipe-evil-mask-v1.png,336,512,323398,recipes/recipe-evil-mask-v1.png
recipes,recipe-helmet-mask-v1.png,336,512,335006,recipes/recipe-helmet-mask-v1.png
recipes,recipe-leather-shirt-v1.png,336,512,331414,recipes/recipe-leather-shirt-v1.png
recipes,recipe-master-curse-v1.png,336,512,330286,recipes/recipe-master-curse-v1.png
recipes,recipe-obrud-v1.png,341,512,373561,recipes/recipe-obrud-v1.png
recipes,recipe-okhu-mask-v1.png,336,512,330036,recipes/recipe-okhu-mask-v1.png
recipes,recipe-rite-v1.png,336,512,312548,recipes/recipe-rite-v1.png
recipes,recipe-scout-clothes-v1.png,336,512,330248,recipes/recipe-scout-clothes-v1.png
recipes,recipe-three-faced-mask-v1.png,336,512,330782,recipes/recipe-three-faced-mask-v1.png
recipes,rite-of-three-v1.png,336,512,306933,recipes/rite-of-three-v1.png
recipes,ritual-hide-v1.png,341,512,424338,recipes/ritual-hide-v1.png
recipes,scout-clothes-v1.png,336,512,314398,recipes/scout-clothes-v1.png
recipes,ternia-staff-v1.png,336,512,305603,recipes/ternia-staff-v1.png
recipes,three-faced-mask-v1.png,336,512,332867,recipes/three-faced-mask-v1.png
fairy-glade,gold-feather-enemy-smith-v1.png,336,512,298727,fairy-glade/gold-feather-enemy-smith-v1.png
fairy-glade,gold-feather-own-smith-v1.png,336,512,308198,fairy-glade/gold-feather-own-smith-v1.png
fairy-glade,gold-feather-v1.png,341,512,373410,fairy-glade/gold-feather-v1.png
fairy-glade,phoenix-enemy-v1.png,341,512,367380,fairy-glade/phoenix-enemy-v1.png
fairy-glade,phoenix-own-v1.png,341,512,390295,fairy-glade/phoenix-own-v1.png
fairy-glade,rare-gem-v1.png,336,512,324827,fairy-glade/rare-gem-v1.png
fairy-glade,virid-toad-v1.png,336,512,341034,fairy-glade/virid-toad-v1.png
lake,cloudy-emerald-v1.png,336,512,318780,lake/cloudy-emerald-v1.png
lake,lake-frog-v1.png,341,512,361926,lake/lake-frog-v1.png
lake,marble-gem-v1.png,336,512,314520,lake/marble-gem-v1.png
lake,precious-gem-v1.png,336,512,322640,lake/precious-gem-v1.png
lake,raw-ruby-v1.png,341,512,359668,lake/raw-ruby-v1.png
lake,speckled-amethyst-v1.png,336,512,328568,lake/speckled-amethyst-v1.png
lake,sprouted-root-v1.png,336,512,330109,lake/sprouted-root-v1.png
forest,amanita-color-v1.png,341,512,382664,forest/amanita-color-v1.png
forest,amanita-glade-v1.png,341,512,377753,forest/amanita-glade-v1.png
forest,amanita-v1.png,341,512,372586,forest/amanita-v1.png
forest,bark-v1.png,341,512,377081,forest/bark-v1.png
forest,bending-stick-v1.png,336,512,322464,forest/bending-stick-v1.png
forest,common-owl-v1.png,341,512,365389,forest/common-owl-v1.png
forest,firewood-logs-v1.png,336,512,327812,forest/firewood-logs-v1.png
forest,gold-nugget-v1.png,341,512,365370,forest/gold-nugget-v1.png
forest,high-quality-iron-ore-v1.png,336,512,317016,forest/high-quality-iron-ore-v1.png
forest,night-owl-v1.png,341,512,356937,forest/night-owl-v1.png
forest,oak-acorns-v1.png,336,512,329862,forest/oak-acorns-v1.png
forest,raw-hide-v1.png,341,512,375686,forest/raw-hide-v1.png
forest,thick-branch-v1.png,336,512,332374,forest/thick-branch-v1.png
mixed,dirty-mixed-iron-ore-v1.png,336,512,319847,mixed/dirty-mixed-iron-ore-v1.png
mixed,dry-skull-v1.png,336,512,300210,mixed/dry-skull-v1.png
mixed,medium-quality-iron-ore-v1.png,336,512,317743,mixed/medium-quality-iron-ore-v1.png
mixed,ore-coarse-v1.png,341,512,376628,mixed/ore-coarse-v1.png
red,axe-sun-v1.png,341,512,353843,red/axe-sun-v1.png
red,irikon-v1.png,341,512,366619,red/irikon-v1.png
red,raw-hide-red-v1.png,341,512,360005,red/raw-hide-red-v1.png
red,task-irikon-v1.png,341,512,376192,red/task-irikon-v1.png
materials/beast-hides,bear-hide-v1.png,341,512,338845,materials/beast-hides/bear-hide-v1.png
materials/beast-hides,boar-hide-v1.png,341,512,349873,materials/beast-hides/boar-hide-v1.png
materials/beast-hides,clean-beast-hide-v1.png,341,512,340916,materials/beast-hides/clean-beast-hide-v1.png
materials/beast-hides,raw-beast-hide-v1.png,336,512,298742,materials/beast-hides/raw-beast-hide-v1.png
materials/beast-hides,wolf-hide-v1.png,341,512,343314,materials/beast-hides/wolf-hide-v1.png
beasts/red,aggressive-brown-bear-v1.png,336,512,290360,beasts/red/aggressive-brown-bear-v1.png
beasts/red,brown-bear-v1.png,336,512,301471,beasts/red/brown-bear-v1.png
beasts/red,gray-wolf-v1.png,341,512,347764,beasts/red/gray-wolf-v1.png
beasts/red,mystical-bear-v1.png,341,512,338503,beasts/red/mystical-bear-v1.png
beasts/red,wild-boar-v1.png,341,512,385432,beasts/red/wild-boar-v1.png
beasts/red,wild-boar-v2.png,341,512,379794,beasts/red/wild-boar-v2.png
beasts/red,wild-boar-v3.png,341,512,357571,beasts/red/wild-boar-v3.png
base/common,clean-ram-hide-v1.png,341,512,358076,base/common/clean-ram-hide-v1.png
base/common,ram-hide-v1.png,341,512,343049,base/common/ram-hide-v1.png
base/common,ram-v1.png,341,512,387722,base/common/ram-v1.png
base/common,ram-wool-v1.png,341,512,360880,base/common/ram-wool-v1.png
base/common,teleport-beads-v1.png,341,512,360065,base/common/teleport-beads-v1.png
base/common,yarn-v1.png,341,512,364409,base/common/yarn-v1.png
base/assistant,assistant-v1.png,341,512,355293,base/assistant/assistant-v1.png
base/assistant,sack-recipe-v1.png,341,512,367330,base/assistant/sack-recipe-v1.png
base/assistant,sack-v1.png,341,512,362450,base/assistant/sack-v1.png
base/blacksmith,blacksmith-v1.png,341,512,367892,base/blacksmith/blacksmith-v1.png
base/blacksmith,hammer-blueprint-v1.png,341,512,362620,base/blacksmith/hammer-blueprint-v1.png
base/blacksmith,hammer-v1.png,341,512,357343,base/blacksmith/hammer-v1.png
base/blacksmith,mixed-iron-ore-v1.png,341,512,369422,base/blacksmith/mixed-iron-ore-v1.png
base/hunter,griffin-v1.png,341,512,436522,base/hunter/griffin-v1.png
base/hunter,hunter-v1.png,341,512,363265,base/hunter/hunter-v1.png
base/shaman,shaman-carpet-recipe-v1.png,341,512,351072,base/shaman/shaman-carpet-recipe-v1.png
base/shaman,shaman-carpet-v1.png,341,512,351721,base/shaman/shaman-carpet-v1.png
base/shaman,shaman-v2.png,341,512,347282,base/shaman/shaman-v2.png
base/shaman,shaman-v3.png,341,512,410106,base/shaman/shaman-v3.png
base/shaman,yarn-recipe-v1.png,341,512,347414,base/shaman/yarn-recipe-v1.png
base/warrior,club-blueprint-v1.png,341,512,318681,base/warrior/club-blueprint-v1.png
base/warrior,club-v1.png,341,512,348343,base/warrior/club-v1.png
base/warrior,warrior-v2.png,341,512,346974,base/warrior/warrior-v2.png
base/warrior,warrior-v3.png,341,512,407766,base/warrior/warrior-v3.png
dwarves,dwarf-v1.png,512,768,871941,dwarves/dwarf-v1.png
dwarves,dwarf-v2.png,512,768,895349,dwarves/dwarf-v2.png
